ticket_id,customer_id,issue_type,priority,status,created_at,resolved_at,resolution_time_hours,assigned_agent,sentiment_score
1,4174,Technical,Low,Closed,2024-01-01 00:00:00,2024-01-02 00:00:00,70,Agent D,-0.37636773382948085
2,4507,Account,Medium,In Progress,2024-01-01 01:00:00,2024-01-02 01:00:00,25,Agent C,0.012283725680488189
3,1860,General Inquiry,Medium,Resolved,2024-01-01 02:00:00,2024-01-02 02:00:00,12,Agent D,-0.12097662273417975
4,2294,Technical,High,Resolved,2024-01-01 03:00:00,2024-01-02 03:00:00,15,Agent A,-0.7886706314765122
5,2130,General Inquiry,Urgent,Closed,2024-01-01 04:00:00,2024-01-02 04:00:00,59,Agent D,0.28165262938041247
6,2095,Technical,Low,Open,2024-01-01 05:00:00,2024-01-02 05:00:00,26,Agent C,-0.5679236349808008
7,4772,General Inquiry,High,In Progress,2024-01-01 06:00:00,2024-01-02 06:00:00,26,Agent D,0.23917590979565917
8,4092,Account,Low,Open,2024-01-01 07:00:00,2024-01-02 07:00:00,47,Agent A,0.30040218479630676
9,2638,Technical,Medium,Open,2024-01-01 08:00:00,2024-01-02 08:00:00,32,Agent B,-0.6959502937427038
10,3169,Account,Medium,Open,2024-01-01 09:00:00,2024-01-02 09:00:00,10,Agent D,-0.8773007457786637
11,1466,Technical,Urgent,Open,2024-01-01 10:00:00,2024-01-02 10:00:00,16,Agent A,0.5615231721368796
12,2238,Account,Medium,Resolved,2024-01-01 11:00:00,2024-01-02 11:00:00,71,Agent A,-0.08039915246135965
13,1330,Account,Medium,Resolved,2024-01-01 12:00:00,2024-01-02 12:00:00,17,Agent C,-0.8836724089890484
14,2482,Technical,High,Open,2024-01-01 13:00:00,2024-01-02 13:00:00,23,Agent C,0.9897326343395343
15,3135,Technical,Low,In Progress,2024-01-01 14:00:00,2024-01-02 14:00:00,26,Agent D,-0.8844388780072667
16,4444,Technical,Low,Closed,2024-01-01 15:00:00,2024-01-02 15:00:00,7,Agent B,0.39007045771710636
17,4171,Billing,High,In Progress,2024-01-01 16:00:00,2024-01-02 16:00:00,14,Agent A,0.9673578505268272
18,3919,General Inquiry,Urgent,In Progress,2024-01-01 17:00:00,2024-01-02 17:00:00,7,Agent D,-0.5216397915681488
19,4735,Billing,Low,In Progress,2024-01-01 18:00:00,2024-01-02 18:00:00,9,Agent A,-0.7155012626256076
20,1130,Billing,Medium,Open,2024-01-01 19:00:00,2024-01-02 19:00:00,48,Agent A,-0.7572301211551422
21,2685,Account,Low,Resolved,2024-01-01 20:00:00,2024-01-02 20:00:00,59,Agent B,-0.3934497048648089
22,4380,Technical,Medium,In Progress,2024-01-01 21:00:00,2024-01-02 21:00:00,39,Agent B,-0.7979083779787066
23,1769,General Inquiry,Urgent,Open,2024-01-01 22:00:00,2024-01-02 22:00:00,18,Agent D,0.3843226833882638
24,3391,Account,High,In Progress,2024-01-01 23:00:00,2024-01-02 23:00:00,59,Agent B,-0.8754164037398746
25,2515,Billing,Low,In Progress,2024-01-02 00:00:00,2024-01-03 00:00:00,17,Agent B,0.01884425629957942
26,4485,Technical,High,Open,2024-01-02 01:00:00,2024-01-03 01:00:00,14,Agent D,0.9933937077059536
27,3853,Account,Low,Resolved,2024-01-02 02:00:00,2024-01-03 02:00:00,31,Agent B,0.6279405390120376
28,3433,Technical,Medium,Resolved,2024-01-02 03:00:00,2024-01-03 03:00:00,24,Agent C,0.23043887646202177
29,2215,Account,High,Closed,2024-01-02 04:00:00,2024-01-03 04:00:00,60,Agent A,-0.38749275842677666
30,1955,Technical,Low,Open,2024-01-02 05:00:00,2024-01-03 05:00:00,45,Agent A,0.24779167258327695
31,3324,Billing,Medium,Closed,2024-01-02 06:00:00,2024-01-03 06:00:00,3,Agent A,0.05408292782330326
32,2184,General Inquiry,High,Closed,2024-01-02 07:00:00,2024-01-03 07:00:00,37,Agent A,-0.14783323221925704
33,1459,Billing,High,Closed,2024-01-02 08:00:00,2024-01-03 08:00:00,43,Agent D,-0.738579246519601
34,4385,General Inquiry,Low,Resolved,2024-01-02 09:00:00,2024-01-03 09:00:00,40,Agent A,0.7732084304809335
35,1021,Technical,Low,Open,2024-01-02 10:00:00,2024-01-03 10:00:00,55,Agent A,-0.10043070235735496
36,3300,Account,Low,Closed,2024-01-02 11:00:00,2024-01-03 11:00:00,39,Agent A,-0.6107549763584699
37,1747,Billing,Medium,Open,2024-01-02 12:00:00,2024-01-03 12:00:00,15,Agent A,-0.26448129824542077
38,3904,General Inquiry,Low,Open,2024-01-02 13:00:00,2024-01-03 13:00:00,4,Agent C,-0.17174049494214594
39,4632,Billing,High,Resolved,2024-01-02 14:00:00,2024-01-03 14:00:00,25,Agent A,0.6550757911337486
40,1474,General Inquiry,High,Closed,2024-01-02 15:00:00,2024-01-03 15:00:00,13,Agent C,0.4672287611228041
41,2082,Billing,Low,Closed,2024-01-02 16:00:00,2024-01-03 16:00:00,33,Agent D,0.5386097872826796
42,3558,General Inquiry,Low,Open,2024-01-02 17:00:00,2024-01-03 17:00:00,16,Agent B,-0.9779374711427056
43,4753,General Inquiry,Urgent,In Progress,2024-01-02 18:00:00,2024-01-03 18:00:00,42,Agent A,-0.16769200364047698
44,3047,Technical,High,Resolved,2024-01-02 19:00:00,2024-01-03 19:00:00,66,Agent B,-0.03731169672935275
45,4547,General Inquiry,Medium,Resolved,2024-01-02 20:00:00,2024-01-03 20:00:00,55,Agent B,-0.9616154463538866
46,3747,Technical,Urgent,Resolved,2024-01-02 21:00:00,2024-01-03 21:00:00,42,Agent D,-0.48037358250993156
47,1975,General Inquiry,Low,Resolved,2024-01-02 22:00:00,2024-01-03 22:00:00,34,Agent B,0.52057964624427
48,2806,Account,Low,Closed,2024-01-02 23:00:00,2024-01-03 23:00:00,30,Agent C,-0.7257805885420019
49,1189,Account,High,Closed,2024-01-03 00:00:00,2024-01-04 00:00:00,13,Agent B,0.0706202629051833
50,4005,Account,Low,In Progress,2024-01-03 01:00:00,2024-01-04 01:00:00,13,Agent B,-0.569596255965525
51,3734,General Inquiry,Medium,Resolved,2024-01-03 02:00:00,2024-01-04 02:00:00,18,Agent B,-0.9757584507122135
52,4005,Technical,High,Resolved,2024-01-03 03:00:00,2024-01-04 03:00:00,32,Agent A,-0.517597084800917
53,1562,Technical,Low,Open,2024-01-03 04:00:00,2024-01-04 04:00:00,39,Agent A,0.9517475098201076
54,2899,General Inquiry,High,Closed,2024-01-03 05:00:00,2024-01-04 05:00:00,46,Agent C,0.6030742237659792
55,4638,Account,Low,Resolved,2024-01-03 06:00:00,2024-01-04 06:00:00,29,Agent C,0.9191532886420668
56,2267,Account,Low,In Progress,2024-01-03 07:00:00,2024-01-04 07:00:00,62,Agent A,-0.024291912147275108
57,3879,Technical,Low,In Progress,2024-01-03 08:00:00,2024-01-04 08:00:00,62,Agent C,-0.780527602644993
58,2528,Account,Medium,Closed,2024-01-03 09:00:00,2024-01-04 09:00:00,57,Agent A,0.09591897794738591
59,4202,Billing,Medium,In Progress,2024-01-03 10:00:00,2024-01-04 10:00:00,16,Agent D,-0.09124533088007825
60,4556,Technical,High,In Progress,2024-01-03 11:00:00,2024-01-04 11:00:00,56,Agent B,0.6887141654792319
61,4890,Account,Low,Closed,2024-01-03 12:00:00,2024-01-04 12:00:00,10,Agent B,-0.8038348384315108
62,1646,Technical,Low,Resolved,2024-01-03 13:00:00,2024-01-04 13:00:00,30,Agent C,-0.023517725956443636
63,3068,Billing,Medium,Resolved,2024-01-03 14:00:00,2024-01-04 14:00:00,25,Agent A,-0.6999026706120315
64,3888,Technical,Low,In Progress,2024-01-03 15:00:00,2024-01-04 15:00:00,5,Agent A,-0.35064814621988005
65,3214,Technical,Medium,In Progress,2024-01-03 16:00:00,2024-01-04 16:00:00,65,Agent C,0.4747141547755993
66,2297,Technical,Low,Resolved,2024-01-03 17:00:00,2024-01-04 17:00:00,49,Agent A,-0.04796374126246694
67,3435,Technical,High,Closed,2024-01-03 18:00:00,2024-01-04 18:00:00,3,Agent D,-0.24822342970846134
68,1600,Billing,Low,In Progress,2024-01-03 19:00:00,2024-01-04 19:00:00,45,Agent B,-0.21104744285992938
69,3363,General Inquiry,Low,Open,2024-01-03 20:00:00,2024-01-04 20:00:00,14,Agent C,-0.08110646318802672
70,3061,Technical,Urgent,Closed,2024-01-03 21:00:00,2024-01-04 21:00:00,30,Agent C,0.5700330876741138
71,1241,Technical,Medium,In Progress,2024-01-03 22:00:00,2024-01-04 22:00:00,68,Agent A,0.7841693778804688
72,3041,Account,Low,In Progress,2024-01-03 23:00:00,2024-01-04 23:00:00,18,Agent C,0.9106693730078566
73,3824,Technical,Low,Open,2024-01-04 00:00:00,2024-01-05 00:00:00,62,Agent D,0.5738067725105902
74,4417,Account,Urgent,Open,2024-01-04 01:00:00,2024-01-05 01:00:00,37,Agent A,-0.36918620850397454
75,3612,General Inquiry,Urgent,Resolved,2024-01-04 02:00:00,2024-01-05 02:00:00,25,Agent A,0.3762694121730843
76,3945,Billing,Medium,Closed,2024-01-04 03:00:00,2024-01-05 03:00:00,48,Agent A,-0.12479375188921615
77,2363,Billing,Urgent,Closed,2024-01-04 04:00:00,2024-01-05 04:00:00,65,Agent A,-0.49065875590789765
78,3139,General Inquiry,High,Resolved,2024-01-04 05:00:00,2024-01-05 05:00:00,53,Agent D,0.6817431588518452
79,2390,Billing,Urgent,Closed,2024-01-04 06:00:00,2024-01-05 06:00:00,15,Agent A,-0.92314730207535
80,4003,General Inquiry,High,Closed,2024-01-04 07:00:00,2024-01-05 07:00:00,49,Agent C,0.803523984270847
81,2478,General Inquiry,Medium,Closed,2024-01-04 08:00:00,2024-01-05 08:00:00,68,Agent D,-0.07704507075053169
82,4499,General Inquiry,Medium,Closed,2024-01-04 09:00:00,2024-01-05 09:00:00,12,Agent B,0.27440295361656086
83,3556,Billing,Medium,Closed,2024-01-04 10:00:00,2024-01-05 10:00:00,59,Agent B,0.3187078444115654
84,1775,Account,Medium,Open,2024-01-04 11:00:00,2024-01-05 11:00:00,37,Agent C,0.7902354814130728
85,1034,General Inquiry,Medium,Closed,2024-01-04 12:00:00,2024-01-05 12:00:00,61,Agent C,0.27333936433441464
86,3253,Technical,High,Open,2024-01-04 13:00:00,2024-01-05 13:00:00,43,Agent D,0.22786716952012354
87,4152,Billing,High,Closed,2024-01-04 14:00:00,2024-01-05 14:00:00,70,Agent B,-0.8666959188786201
88,2955,General Inquiry,Medium,Resolved,2024-01-04 15:00:00,2024-01-05 15:00:00,39,Agent B,0.03681604389040816
89,2585,General Inquiry,Urgent,In Progress,2024-01-04 16:00:00,2024-01-05 16:00:00,56,Agent B,-0.6996619983659167
90,4943,Technical,Low,Open,2024-01-04 17:00:00,2024-01-05 17:00:00,63,Agent B,0.47486753744297117
91,4459,Account,Medium,Closed,2024-01-04 18:00:00,2024-01-05 18:00:00,46,Agent B,0.02444384162534896
92,4073,Account,Urgent,Resolved,2024-01-04 19:00:00,2024-01-05 19:00:00,11,Agent A,0.3604555584167066
93,2021,Account,Low,In Progress,2024-01-04 20:00:00,2024-01-05 20:00:00,62,Agent C,-0.9166541987952315
94,4461,General Inquiry,Medium,Open,2024-01-04 21:00:00,2024-01-05 21:00:00,25,Agent A,-0.8304159679083936
95,3613,General Inquiry,Medium,In Progress,2024-01-04 22:00:00,2024-01-05 22:00:00,71,Agent B,0.4326467761253645
96,2129,General Inquiry,High,Resolved,2024-01-04 23:00:00,2024-01-05 23:00:00,52,Agent D,-0.8558313280026533
97,4843,Billing,Low,Open,2024-01-05 00:00:00,2024-01-06 00:00:00,4,Agent D,-0.8574865444694828
98,4893,Technical,Low,In Progress,2024-01-05 01:00:00,2024-01-06 01:00:00,59,Agent B,-0.9757830495302251
99,2500,General Inquiry,Urgent,Closed,2024-01-05 02:00:00,2024-01-06 02:00:00,20,Agent B,0.9130027965989602
100,1702,Technical,High,Open,2024-01-05 03:00:00,2024-01-06 03:00:00,63,Agent D,0.4750167189180139
101,3449,Technical,High,In Progress,2024-01-05 04:00:00,2024-01-06 04:00:00,54,Agent A,-0.2934971829958717
102,3777,Account,High,Resolved,2024-01-05 05:00:00,2024-01-06 05:00:00,57,Agent A,-0.40692883742468955
103,2579,Billing,High,Resolved,2024-01-05 06:00:00,2024-01-06 06:00:00,41,Agent B,-0.3005935405083009
104,1161,General Inquiry,Low,Open,2024-01-05 07:00:00,2024-01-06 07:00:00,3,Agent A,0.5493070623623637
105,1201,Account,Low,In Progress,2024-01-05 08:00:00,2024-01-06 08:00:00,6,Agent D,0.3227412221408288
106,2981,Account,Medium,Open,2024-01-05 09:00:00,2024-01-06 09:00:00,5,Agent A,-0.6296088642650641
107,1995,General Inquiry,Medium,Open,2024-01-05 10:00:00,2024-01-06 10:00:00,5,Agent B,-0.6517813293318313
108,3317,Technical,High,In Progress,2024-01-05 11:00:00,2024-01-06 11:00:00,54,Agent D,-0.8032087005732054
109,4934,Account,High,In Progress,2024-01-05 12:00:00,2024-01-06 12:00:00,47,Agent A,0.3206054394026763
110,1815,Technical,High,Closed,2024-01-05 13:00:00,2024-01-06 13:00:00,49,Agent C,0.5287453244434719
111,4342,Billing,Medium,In Progress,2024-01-05 14:00:00,2024-01-06 14:00:00,9,Agent D,-0.46990714334999195
112,1455,Technical,Urgent,Resolved,2024-01-05 15:00:00,2024-01-06 15:00:00,20,Agent D,-0.9581100779381744
113,4533,Billing,Urgent,Open,2024-01-05 16:00:00,2024-01-06 16:00:00,61,Agent C,-0.8356566650471453
114,4798,Technical,Medium,Open,2024-01-05 17:00:00,2024-01-06 17:00:00,35,Agent C,0.9357200696900609
115,2275,Account,Medium,Resolved,2024-01-05 18:00:00,2024-01-06 18:00:00,50,Agent D,-0.4091104450451595
116,2016,Account,Medium,In Progress,2024-01-05 19:00:00,2024-01-06 19:00:00,62,Agent C,0.5384462956762672
117,4773,Billing,Medium,Resolved,2024-01-05 20:00:00,2024-01-06 20:00:00,17,Agent B,0.24932713770852755
118,3343,General Inquiry,Medium,Resolved,2024-01-05 21:00:00,2024-01-06 21:00:00,3,Agent B,-0.2361207206942082
119,4796,Billing,Medium,Closed,2024-01-05 22:00:00,2024-01-06 22:00:00,32,Agent B,-0.5886254756088898
120,3767,Billing,High,Resolved,2024-01-05 23:00:00,2024-01-06 23:00:00,13,Agent D,-0.7572271636811871
121,4820,Technical,High,Open,2024-01-06 00:00:00,2024-01-07 00:00:00,68,Agent C,0.23002593607773325
122,1337,Technical,High,Resolved,2024-01-06 01:00:00,2024-01-07 01:00:00,14,Agent C,0.549267561275576
123,1878,Billing,High,Open,2024-01-06 02:00:00,2024-01-07 02:00:00,11,Agent A,0.28780850708226136
124,2076,Account,Medium,Open,2024-01-06 03:00:00,2024-01-07 03:00:00,56,Agent A,0.06060426649831663
125,1791,Technical,Urgent,Open,2024-01-06 04:00:00,2024-01-07 04:00:00,67,Agent C,-0.9160975531367275
126,4993,General Inquiry,Low,In Progress,2024-01-06 05:00:00,2024-01-07 05:00:00,29,Agent C,0.9369775551887676
127,3264,Technical,Medium,Closed,2024-01-06 06:00:00,2024-01-07 06:00:00,9,Agent C,0.5974283833091492
128,1763,Technical,Low,Open,2024-01-06 07:00:00,2024-01-07 07:00:00,67,Agent D,-0.4143559265980705
129,3235,General Inquiry,Urgent,Open,2024-01-06 08:00:00,2024-01-07 08:00:00,25,Agent C,0.9599406587177013
130,1379,Billing,High,In Progress,2024-01-06 09:00:00,2024-01-07 09:00:00,42,Agent A,0.2037631792726442
131,1492,General Inquiry,Urgent,Open,2024-01-06 10:00:00,2024-01-07 10:00:00,9,Agent D,0.16484531641449296
132,4112,Billing,Medium,Resolved,2024-01-06 11:00:00,2024-01-07 11:00:00,40,Agent C,0.4961463588590642
133,2180,Billing,High,Resolved,2024-01-06 12:00:00,2024-01-07 12:00:00,25,Agent A,0.6235395761802751
134,3062,Billing,Medium,Closed,2024-01-06 13:00:00,2024-01-07 13:00:00,5,Agent D,0.3129572146630053
135,4884,General Inquiry,High,Open,2024-01-06 14:00:00,2024-01-07 14:00:00,11,Agent C,-0.7438085072676
136,1064,Billing,Low,In Progress,2024-01-06 15:00:00,2024-01-07 15:00:00,59,Agent C,-0.3234649880110032
137,4928,Account,Low,Resolved,2024-01-06 16:00:00,2024-01-07 16:00:00,38,Agent C,0.8561672806520995
138,4910,General Inquiry,Low,In Progress,2024-01-06 17:00:00,2024-01-07 17:00:00,5,Agent D,-0.5507687763122961
139,3568,Account,Urgent,In Progress,2024-01-06 18:00:00,2024-01-07 18:00:00,48,Agent A,-0.25566595232497336
140,2367,Billing,Medium,Resolved,2024-01-06 19:00:00,2024-01-07 19:00:00,18,Agent A,-0.135846234111608
141,2152,Technical,Urgent,In Progress,2024-01-06 20:00:00,2024-01-07 20:00:00,70,Agent B,-0.12119002061109563
142,3027,Billing,Low,Resolved,2024-01-06 21:00:00,2024-01-07 21:00:00,37,Agent C,0.22587916498905103
143,3695,Account,Medium,In Progress,2024-01-06 22:00:00,2024-01-07 22:00:00,60,Agent B,0.8861516754894152
144,2495,Account,Low,Resolved,2024-01-06 23:00:00,2024-01-07 23:00:00,48,Agent B,-0.5186145763349901
145,4134,General Inquiry,Urgent,Open,2024-01-07 00:00:00,2024-01-08 00:00:00,28,Agent A,-0.7569972473981639
146,2162,Technical,Urgent,Closed,2024-01-07 01:00:00,2024-01-08 01:00:00,69,Agent D,-0.6050590202801254
147,2522,General Inquiry,Urgent,Resolved,2024-01-07 02:00:00,2024-01-08 02:00:00,40,Agent D,0.773849800418539
148,3640,Account,Low,Resolved,2024-01-07 03:00:00,2024-01-08 03:00:00,45,Agent A,0.291621625310412
149,1391,Billing,Medium,Closed,2024-01-07 04:00:00,2024-01-08 04:00:00,62,Agent D,-0.42818642152167974
150,2698,Technical,Medium,Resolved,2024-01-07 05:00:00,2024-01-08 05:00:00,58,Agent B,0.6318938779372345
151,1418,Billing,Low,Resolved,2024-01-07 06:00:00,2024-01-08 06:00:00,67,Agent C,0.7227399927268721
152,3336,Billing,Medium,In Progress,2024-01-07 07:00:00,2024-01-08 07:00:00,56,Agent A,0.6930286773805561
153,1378,Technical,Low,Closed,2024-01-07 08:00:00,2024-01-08 08:00:00,40,Agent C,0.8378530672791089
154,2796,General Inquiry,Medium,Open,2024-01-07 09:00:00,2024-01-08 09:00:00,40,Agent D,-0.49551795965327683
155,4561,Billing,High,Resolved,2024-01-07 10:00:00,2024-01-08 10:00:00,33,Agent C,0.5100838574925566
156,3278,Account,High,Closed,2024-01-07 11:00:00,2024-01-08 11:00:00,6,Agent D,-0.07892100545171998
157,4065,Billing,Urgent,In Progress,2024-01-07 12:00:00,2024-01-08 12:00:00,19,Agent D,0.6839971057801231
158,3088,Technical,High,Open,2024-01-07 13:00:00,2024-01-08 13:00:00,40,Agent B,0.4569813543232264
159,4099,Technical,High,Closed,2024-01-07 14:00:00,2024-01-08 14:00:00,59,Agent D,0.5528948929994493
160,3182,Technical,High,Open,2024-01-07 15:00:00,2024-01-08 15:00:00,59,Agent B,0.312323675362143
161,1200,General Inquiry,Low,Open,2024-01-07 16:00:00,2024-01-08 16:00:00,48,Agent B,-0.6451424610605863
162,2863,Billing,High,Open,2024-01-07 17:00:00,2024-01-08 17:00:00,41,Agent B,0.09005383779387666
163,1779,General Inquiry,High,Resolved,2024-01-07 18:00:00,2024-01-08 18:00:00,13,Agent A,0.9693394790490164
164,3977,General Inquiry,Urgent,Resolved,2024-01-07 19:00:00,2024-01-08 19:00:00,45,Agent A,0.8747761329942378
165,4104,Technical,High,In Progress,2024-01-07 20:00:00,2024-01-08 20:00:00,53,Agent D,-0.9136525284059767
166,4119,Technical,High,In Progress,2024-01-07 21:00:00,2024-01-08 21:00:00,42,Agent B,-0.6703703685411257
167,1502,General Inquiry,Medium,Closed,2024-01-07 22:00:00,2024-01-08 22:00:00,63,Agent A,-0.7365424530908762
168,3454,Billing,Urgent,In Progress,2024-01-07 23:00:00,2024-01-08 23:00:00,27,Agent B,0.451959819970591
169,4645,Account,Urgent,Open,2024-01-08 00:00:00,2024-01-09 00:00:00,38,Agent C,0.6355706597138902
170,2751,General Inquiry,Urgent,Open,2024-01-08 01:00:00,2024-01-09 01:00:00,60,Agent C,-0.5729772673786562
171,1804,Billing,Urgent,Resolved,2024-01-08 02:00:00,2024-01-09 02:00:00,7,Agent C,0.011705385903657994
172,3146,Technical,Urgent,Open,2024-01-08 03:00:00,2024-01-09 03:00:00,5,Agent D,0.6814060560224
173,3731,Technical,Urgent,Closed,2024-01-08 04:00:00,2024-01-09 04:00:00,45,Agent B,0.4656030895325012
174,2895,Billing,Low,Open,2024-01-08 05:00:00,2024-01-09 05:00:00,58,Agent C,0.08447441098369657
175,3773,Account,High,Open,2024-01-08 06:00:00,2024-01-09 06:00:00,31,Agent A,0.18069538091754578
176,2570,Technical,Urgent,Closed,2024-01-08 07:00:00,2024-01-09 07:00:00,23,Agent C,0.01672109383255993
177,1960,Technical,High,In Progress,2024-01-08 08:00:00,2024-01-09 08:00:00,42,Agent C,-0.40490309736235885
178,4810,Technical,High,In Progress,2024-01-08 09:00:00,2024-01-09 09:00:00,10,Agent C,0.13004398571803222
179,3660,Billing,Low,Closed,2024-01-08 10:00:00,2024-01-09 10:00:00,32,Agent D,0.3777706041001814
180,2485,General Inquiry,Urgent,Resolved,2024-01-08 11:00:00,2024-01-09 11:00:00,53,Agent A,0.7466458317216154
181,3690,Technical,Medium,Open,2024-01-08 12:00:00,2024-01-09 12:00:00,30,Agent B,0.27258270795849615
182,4840,General Inquiry,Low,Closed,2024-01-08 13:00:00,2024-01-09 13:00:00,39,Agent A,0.522243074086316
183,2028,Account,Medium,Open,2024-01-08 14:00:00,2024-01-09 14:00:00,31,Agent B,-0.679856730090854
184,4289,Technical,High,Resolved,2024-01-08 15:00:00,2024-01-09 15:00:00,2,Agent D,-0.07688505116042021
185,1502,Technical,High,Open,2024-01-08 16:00:00,2024-01-09 16:00:00,12,Agent D,-0.9813367603458134
186,3814,Account,Low,Closed,2024-01-08 17:00:00,2024-01-09 17:00:00,39,Agent D,-0.506642270956754
187,1397,Technical,Low,Open,2024-01-08 18:00:00,2024-01-09 18:00:00,66,Agent D,0.45292343022600967
188,1870,General Inquiry,Medium,In Progress,2024-01-08 19:00:00,2024-01-09 19:00:00,13,Agent B,0.9836199026987269
189,3842,Billing,Urgent,Resolved,2024-01-08 20:00:00,2024-01-09 20:00:00,46,Agent C,-0.8016438008255682
190,1392,General Inquiry,Medium,Resolved,2024-01-08 21:00:00,2024-01-09 21:00:00,27,Agent B,-0.1970113682774235
191,1206,Billing,Low,Resolved,2024-01-08 22:00:00,2024-01-09 22:00:00,17,Agent A,0.600141937398319
192,2038,Billing,Medium,Closed,2024-01-08 23:00:00,2024-01-09 23:00:00,60,Agent D,-0.5919287307422023
193,2881,General Inquiry,Low,Resolved,2024-01-09 00:00:00,2024-01-10 00:00:00,64,Agent D,0.11016989860457249
194,4625,General Inquiry,Medium,In Progress,2024-01-09 01:00:00,2024-01-10 01:00:00,35,Agent A,0.4661425920593496
195,3939,General Inquiry,Low,Closed,2024-01-09 02:00:00,2024-01-10 02:00:00,70,Agent B,0.23197090052035807
196,2484,General Inquiry,Low,In Progress,2024-01-09 03:00:00,2024-01-10 03:00:00,30,Agent C,-0.6239505307691677
197,4762,Account,Low,Open,2024-01-09 04:00:00,2024-01-10 04:00:00,71,Agent C,-0.28923086262852116
198,4646,Technical,Urgent,Open,2024-01-09 05:00:00,2024-01-10 05:00:00,63,Agent A,0.5675835689707944
199,1863,Billing,Medium,Open,2024-01-09 06:00:00,2024-01-10 06:00:00,28,Agent C,0.10845302826403325
200,3790,General Inquiry,Medium,Open,2024-01-09 07:00:00,2024-01-10 07:00:00,60,Agent B,-0.9895407729141745
201,4312,General Inquiry,Medium,In Progress,2024-01-09 08:00:00,2024-01-10 08:00:00,37,Agent B,0.5219815200561877
202,1563,General Inquiry,Low,Closed,2024-01-09 09:00:00,2024-01-10 09:00:00,22,Agent A,-0.9293772901195219
203,2020,Account,Medium,Closed,2024-01-09 10:00:00,2024-01-10 10:00:00,68,Agent B,0.4914675654624643
204,1095,General Inquiry,Medium,Resolved,2024-01-09 11:00:00,2024-01-10 11:00:00,20,Agent D,-0.5950388796695252
205,2923,General Inquiry,Low,In Progress,2024-01-09 12:00:00,2024-01-10 12:00:00,68,Agent A,0.9161469602387604
206,2757,General Inquiry,High,Open,2024-01-09 13:00:00,2024-01-10 13:00:00,64,Agent B,-0.26411849739583104
207,3532,Technical,Low,In Progress,2024-01-09 14:00:00,2024-01-10 14:00:00,17,Agent A,-0.3461367673238418
208,4478,Account,Medium,Resolved,2024-01-09 15:00:00,2024-01-10 15:00:00,12,Agent C,-0.7022238993351106
209,3278,General Inquiry,Low,Resolved,2024-01-09 16:00:00,2024-01-10 16:00:00,22,Agent B,-0.38879156901957024
210,3796,Billing,High,In Progress,2024-01-09 17:00:00,2024-01-10 17:00:00,17,Agent D,0.7533015236564011
211,2678,Billing,Low,In Progress,2024-01-09 18:00:00,2024-01-10 18:00:00,10,Agent B,0.9926686752544946
212,4242,Billing,Medium,In Progress,2024-01-09 19:00:00,2024-01-10 19:00:00,65,Agent A,-0.2633809389863033
213,1540,Account,High,Closed,2024-01-09 20:00:00,2024-01-10 20:00:00,22,Agent A,-0.10277873809091487
214,2059,Account,Urgent,Open,2024-01-09 21:00:00,2024-01-10 21:00:00,50,Agent B,0.4441418764054741
215,3572,Billing,Medium,In Progress,2024-01-09 22:00:00,2024-01-10 22:00:00,14,Agent D,0.772391560930149
216,2183,General Inquiry,High,In Progress,2024-01-09 23:00:00,2024-01-10 23:00:00,64,Agent D,0.1860886683735683
217,4910,Account,High,In Progress,2024-01-10 00:00:00,2024-01-11 00:00:00,47,Agent D,-0.21694860364434132
218,2722,Billing,Urgent,Resolved,2024-01-10 01:00:00,2024-01-11 01:00:00,29,Agent A,-0.1747563183027525
219,4314,Billing,Low,Resolved,2024-01-10 02:00:00,2024-01-11 02:00:00,36,Agent B,0.39123629299361373
220,4157,General Inquiry,Low,Closed,2024-01-10 03:00:00,2024-01-11 03:00:00,52,Agent C,-0.9935634727914426
221,2819,Technical,Medium,Open,2024-01-10 04:00:00,2024-01-11 04:00:00,7,Agent A,0.23917867491968137
222,3625,Account,Urgent,Closed,2024-01-10 05:00:00,2024-01-11 05:00:00,29,Agent D,-0.2890139791172852
223,3729,General Inquiry,Low,Open,2024-01-10 06:00:00,2024-01-11 06:00:00,11,Agent B,0.5883946625541685
224,3604,Billing,Urgent,Resolved,2024-01-10 07:00:00,2024-01-11 07:00:00,33,Agent D,-0.8140187203537357
225,2597,Billing,Low,Resolved,2024-01-10 08:00:00,2024-01-11 08:00:00,6,Agent C,0.176404533896781
226,4060,General Inquiry,High,Resolved,2024-01-10 09:00:00,2024-01-11 09:00:00,32,Agent D,-0.03805422022775251
227,3693,Account,Low,Closed,2024-01-10 10:00:00,2024-01-11 10:00:00,51,Agent D,0.2846510518104548
228,1795,Technical,Urgent,In Progress,2024-01-10 11:00:00,2024-01-11 11:00:00,58,Agent C,-0.8702928110340633
229,2051,Technical,High,In Progress,2024-01-10 12:00:00,2024-01-11 12:00:00,26,Agent B,0.15996757485626256
230,2643,Billing,High,Resolved,2024-01-10 13:00:00,2024-01-11 13:00:00,46,Agent A,0.12296917591904744
231,4627,Account,High,In Progress,2024-01-10 14:00:00,2024-01-11 14:00:00,29,Agent B,0.12132018883234186
232,2363,Technical,Urgent,In Progress,2024-01-10 15:00:00,2024-01-11 15:00:00,4,Agent C,0.20697533319290962
233,4869,Account,Medium,Closed,2024-01-10 16:00:00,2024-01-11 16:00:00,13,Agent D,0.35293587445272445
234,2981,Account,Medium,Open,2024-01-10 17:00:00,2024-01-11 17:00:00,39,Agent B,0.6099779993615395
235,2354,Billing,Medium,Resolved,2024-01-10 18:00:00,2024-01-11 18:00:00,15,Agent A,-0.4603585597435713
236,2663,Technical,Urgent,Resolved,2024-01-10 19:00:00,2024-01-11 19:00:00,29,Agent C,0.6500988203601241
237,2529,General Inquiry,High,Closed,2024-01-10 20:00:00,2024-01-11 20:00:00,29,Agent B,-0.0034886354730927494
238,3038,Billing,Medium,Closed,2024-01-10 21:00:00,2024-01-11 21:00:00,32,Agent A,-0.8458834417313377
239,4419,Technical,Urgent,In Progress,2024-01-10 22:00:00,2024-01-11 22:00:00,2,Agent C,-0.8828981415120416
240,2496,Technical,Medium,Resolved,2024-01-10 23:00:00,2024-01-11 23:00:00,47,Agent A,-0.3315233626078784
241,4302,Technical,Low,Open,2024-01-11 00:00:00,2024-01-12 00:00:00,22,Agent C,0.5697939542229351
242,3237,Technical,Medium,Closed,2024-01-11 01:00:00,2024-01-12 01:00:00,27,Agent D,0.4153618694818315
243,4296,Technical,Medium,Open,2024-01-11 02:00:00,2024-01-12 02:00:00,67,Agent B,0.5772299293448129
244,2408,Account,High,Open,2024-01-11 03:00:00,2024-01-12 03:00:00,56,Agent A,0.03453811288321873
245,2400,Billing,Urgent,Resolved,2024-01-11 04:00:00,2024-01-12 04:00:00,21,Agent C,-0.11960200408901889
246,2306,Account,High,Resolved,2024-01-11 05:00:00,2024-01-12 05:00:00,47,Agent A,-0.7050949465874321
247,3680,General Inquiry,High,Closed,2024-01-11 06:00:00,2024-01-12 06:00:00,59,Agent A,-0.3436144927813769
248,3675,Technical,High,Resolved,2024-01-11 07:00:00,2024-01-12 07:00:00,6,Agent B,-0.13196126765224947
249,1972,Billing,High,Resolved,2024-01-11 08:00:00,2024-01-12 08:00:00,19,Agent D,-0.8227991406407655
250,2768,Technical,High,Resolved,2024-01-11 09:00:00,2024-01-12 09:00:00,57,Agent A,-0.5587760945775775
251,2282,Billing,Medium,Open,2024-01-11 10:00:00,2024-01-12 10:00:00,69,Agent C,0.19645058812747762
252,4430,Account,High,Closed,2024-01-11 11:00:00,2024-01-12 11:00:00,3,Agent C,0.4713262284783797
253,1709,Billing,High,In Progress,2024-01-11 12:00:00,2024-01-12 12:00:00,1,Agent D,0.9966950227858993
254,2479,General Inquiry,Urgent,Open,2024-01-11 13:00:00,2024-01-12 13:00:00,58,Agent C,0.8662266626871153
255,2434,General Inquiry,Low,Resolved,2024-01-11 14:00:00,2024-01-12 14:00:00,38,Agent D,0.28513039907038307
256,1648,Billing,Medium,Open,2024-01-11 15:00:00,2024-01-12 15:00:00,15,Agent C,-0.157503893411856
257,1317,Billing,Medium,Resolved,2024-01-11 16:00:00,2024-01-12 16:00:00,34,Agent B,0.27235472941646544
258,4748,Billing,Medium,Resolved,2024-01-11 17:00:00,2024-01-12 17:00:00,61,Agent A,0.571303236160464
259,4296,Billing,High,Open,2024-01-11 18:00:00,2024-01-12 18:00:00,35,Agent B,-0.7633276181532254
260,4890,General Inquiry,High,Closed,2024-01-11 19:00:00,2024-01-12 19:00:00,64,Agent A,-0.1801902206074235
261,2257,Technical,High,Resolved,2024-01-11 20:00:00,2024-01-12 20:00:00,25,Agent A,0.6796045712712344
262,1683,Billing,Urgent,Closed,2024-01-11 21:00:00,2024-01-12 21:00:00,24,Agent A,-0.23233409613391198
263,1663,Billing,Low,In Progress,2024-01-11 22:00:00,2024-01-12 22:00:00,12,Agent B,0.14374454245437307
264,2998,General Inquiry,High,Resolved,2024-01-11 23:00:00,2024-01-12 23:00:00,18,Agent A,0.17553872172439644
265,4898,General Inquiry,Low,Closed,2024-01-12 00:00:00,2024-01-13 00:00:00,15,Agent B,-0.6310474937327213
266,4445,Account,Urgent,Closed,2024-01-12 01:00:00,2024-01-13 01:00:00,27,Agent D,-0.27552911669542324
267,4743,Billing,Medium,In Progress,2024-01-12 02:00:00,2024-01-13 02:00:00,60,Agent C,-0.3309774225161357
268,2631,Account,High,Closed,2024-01-12 03:00:00,2024-01-13 03:00:00,46,Agent C,-0.9476065829358704
269,2495,General Inquiry,Low,Closed,2024-01-12 04:00:00,2024-01-13 04:00:00,17,Agent A,-0.9516164722172895
270,4304,General Inquiry,Low,In Progress,2024-01-12 05:00:00,2024-01-13 05:00:00,53,Agent B,0.6633940873515469
271,4763,Technical,High,Resolved,2024-01-12 06:00:00,2024-01-13 06:00:00,8,Agent C,-0.4538583800543752
272,2136,Billing,Medium,Closed,2024-01-12 07:00:00,2024-01-13 07:00:00,27,Agent B,0.03615753247763087
273,2853,Account,Medium,Closed,2024-01-12 08:00:00,2024-01-13 08:00:00,46,Agent B,-0.4025488528224539
274,2520,General Inquiry,Medium,Closed,2024-01-12 09:00:00,2024-01-13 09:00:00,50,Agent A,0.881358490230681
275,3489,General Inquiry,Urgent,Open,2024-01-12 10:00:00,2024-01-13 10:00:00,71,Agent C,-0.4814064822684525
276,1563,Account,Low,In Progress,2024-01-12 11:00:00,2024-01-13 11:00:00,3,Agent A,-0.14068637452212984
277,2291,Technical,Low,Open,2024-01-12 12:00:00,2024-01-13 12:00:00,64,Agent A,0.7454605009692037
278,4581,General Inquiry,Low,In Progress,2024-01-12 13:00:00,2024-01-13 13:00:00,44,Agent C,0.6838671335836173
279,4878,Billing,Urgent,Resolved,2024-01-12 14:00:00,2024-01-13 14:00:00,53,Agent C,-0.6277971643074454
280,4457,General Inquiry,Low,Resolved,2024-01-12 15:00:00,2024-01-13 15:00:00,24,Agent D,0.6052866195914208
281,4458,Billing,Urgent,Closed,2024-01-12 16:00:00,2024-01-13 16:00:00,60,Agent D,-0.0836262265242147
282,4184,Account,Medium,In Progress,2024-01-12 17:00:00,2024-01-13 17:00:00,3,Agent B,-0.03406225582928957
283,2636,Billing,High,Resolved,2024-01-12 18:00:00,2024-01-13 18:00:00,20,Agent C,-0.7330400551681124
284,4696,Account,Low,In Progress,2024-01-12 19:00:00,2024-01-13 19:00:00,46,Agent D,-0.8387969724857507
285,3999,Billing,Low,Resolved,2024-01-12 20:00:00,2024-01-13 20:00:00,15,Agent B,0.4558786139475304
286,4152,Account,Medium,Open,2024-01-12 21:00:00,2024-01-13 21:00:00,25,Agent B,-0.0070776952894004985
287,1698,Billing,High,Resolved,2024-01-12 22:00:00,2024-01-13 22:00:00,71,Agent B,-0.1262985947696409
288,3160,Technical,Urgent,Open,2024-01-12 23:00:00,2024-01-13 23:00:00,17,Agent D,0.45901645730479346
289,1001,Billing,High,Resolved,2024-01-13 00:00:00,2024-01-14 00:00:00,9,Agent C,0.5310257979822195
290,1641,Billing,Medium,Closed,2024-01-13 01:00:00,2024-01-14 01:00:00,38,Agent A,-0.6821836646612929
291,3267,Technical,Medium,Open,2024-01-13 02:00:00,2024-01-14 02:00:00,48,Agent B,0.22045029895528256
292,2589,General Inquiry,High,Resolved,2024-01-13 03:00:00,2024-01-14 03:00:00,60,Agent D,-0.7292918354446289
293,1854,General Inquiry,Urgent,Closed,2024-01-13 04:00:00,2024-01-14 04:00:00,63,Agent D,0.5027501720580914
294,2759,Billing,Urgent,Open,2024-01-13 05:00:00,2024-01-14 05:00:00,2,Agent A,0.31391031253427903
295,4296,Technical,Low,Closed,2024-01-13 06:00:00,2024-01-14 06:00:00,11,Agent A,0.9132292421669159
296,3432,Billing,Urgent,In Progress,2024-01-13 07:00:00,2024-01-14 07:00:00,64,Agent D,-0.8620839672871576
297,4474,Account,High,In Progress,2024-01-13 08:00:00,2024-01-14 08:00:00,21,Agent C,-0.8858905576974914
298,2661,Account,Medium,Open,2024-01-13 09:00:00,2024-01-14 09:00:00,18,Agent A,-0.4356258506135997
299,2153,Billing,Low,Resolved,2024-01-13 10:00:00,2024-01-14 10:00:00,64,Agent D,-0.47658863252818806
300,2076,General Inquiry,Low,Open,2024-01-13 11:00:00,2024-01-14 11:00:00,38,Agent A,-0.5060424018560004
301,2707,General Inquiry,Medium,Closed,2024-01-13 12:00:00,2024-01-14 12:00:00,32,Agent C,0.8125091610420734
302,3777,Billing,Urgent,Resolved,2024-01-13 13:00:00,2024-01-14 13:00:00,11,Agent B,-0.5009076003009878
303,2695,Billing,Medium,In Progress,2024-01-13 14:00:00,2024-01-14 14:00:00,45,Agent A,-0.456100547742738
304,2733,Account,Urgent,Resolved,2024-01-13 15:00:00,2024-01-14 15:00:00,33,Agent C,0.5187965248359274
305,2439,General Inquiry,Medium,In Progress,2024-01-13 16:00:00,2024-01-14 16:00:00,41,Agent D,-0.10052031509892001
306,3294,Billing,High,Resolved,2024-01-13 17:00:00,2024-01-14 17:00:00,8,Agent A,0.5534211139103624
307,1835,Account,Urgent,Resolved,2024-01-13 18:00:00,2024-01-14 18:00:00,11,Agent A,-0.8692676848712295
308,4510,General Inquiry,High,Resolved,2024-01-13 19:00:00,2024-01-14 19:00:00,51,Agent D,-0.024857612653231387
309,1202,Technical,Low,Closed,2024-01-13 20:00:00,2024-01-14 20:00:00,41,Agent B,-0.9327727996334347
310,4255,Account,Medium,Closed,2024-01-13 21:00:00,2024-01-14 21:00:00,17,Agent D,-0.874693593089291
311,1122,General Inquiry,Low,Open,2024-01-13 22:00:00,2024-01-14 22:00:00,46,Agent A,0.8128749066888219
312,1400,General Inquiry,Low,Open,2024-01-13 23:00:00,2024-01-14 23:00:00,32,Agent D,-0.7215092577648097
313,1766,Account,Low,In Progress,2024-01-14 00:00:00,2024-01-15 00:00:00,54,Agent C,0.06484136455043421
314,1293,Technical,Low,Closed,2024-01-14 01:00:00,2024-01-15 01:00:00,20,Agent D,-0.1778087947985869
315,3327,Account,Medium,In Progress,2024-01-14 02:00:00,2024-01-15 02:00:00,33,Agent A,-0.30531334748231465
316,4908,General Inquiry,Low,Open,2024-01-14 03:00:00,2024-01-15 03:00:00,40,Agent D,0.7996666913745449
317,3931,Billing,Medium,In Progress,2024-01-14 04:00:00,2024-01-15 04:00:00,32,Agent B,-0.956353206449021
318,4681,Billing,Medium,Open,2024-01-14 05:00:00,2024-01-15 05:00:00,2,Agent D,0.3275793723511782
319,1197,Account,High,Closed,2024-01-14 06:00:00,2024-01-15 06:00:00,33,Agent B,0.9267888684271008
320,4029,General Inquiry,Urgent,Resolved,2024-01-14 07:00:00,2024-01-15 07:00:00,30,Agent C,0.12033636692368388
321,2930,Billing,Urgent,Closed,2024-01-14 08:00:00,2024-01-15 08:00:00,33,Agent B,0.8736449240661837
322,4582,General Inquiry,Medium,In Progress,2024-01-14 09:00:00,2024-01-15 09:00:00,26,Agent D,-0.8954842414279525
323,3799,Account,High,In Progress,2024-01-14 10:00:00,2024-01-15 10:00:00,22,Agent A,-0.1624133618516772
324,3191,Billing,Medium,Closed,2024-01-14 11:00:00,2024-01-15 11:00:00,66,Agent B,-0.4796844180758977
325,1608,General Inquiry,Medium,Closed,2024-01-14 12:00:00,2024-01-15 12:00:00,38,Agent C,0.4616419299614596
326,4272,Billing,Medium,Open,2024-01-14 13:00:00,2024-01-15 13:00:00,46,Agent B,0.9625941809944933
327,2147,Account,High,In Progress,2024-01-14 14:00:00,2024-01-15 14:00:00,15,Agent B,-0.4869398751115044
328,1186,General Inquiry,Urgent,In Progress,2024-01-14 15:00:00,2024-01-15 15:00:00,44,Agent B,0.30834920294814894
329,4397,Billing,High,Closed,2024-01-14 16:00:00,2024-01-15 16:00:00,49,Agent C,-0.6038047344805197
330,3511,Account,Low,Resolved,2024-01-14 17:00:00,2024-01-15 17:00:00,61,Agent D,0.1306605091432198
331,4420,Billing,High,In Progress,2024-01-14 18:00:00,2024-01-15 18:00:00,67,Agent B,-0.0721350266233276
332,2794,Billing,High,Resolved,2024-01-14 19:00:00,2024-01-15 19:00:00,6,Agent B,0.9440106592630741
333,1659,Technical,High,Closed,2024-01-14 20:00:00,2024-01-15 20:00:00,9,Agent A,0.21705454539293312
334,3811,Technical,High,Closed,2024-01-14 21:00:00,2024-01-15 21:00:00,6,Agent C,-0.30098725582636243
335,4002,Account,Urgent,Open,2024-01-14 22:00:00,2024-01-15 22:00:00,32,Agent B,-0.7718084302241333
336,2955,Technical,Low,In Progress,2024-01-14 23:00:00,2024-01-15 23:00:00,41,Agent C,-0.6975063425301309
337,3450,Account,Urgent,Resolved,2024-01-15 00:00:00,2024-01-16 00:00:00,8,Agent B,-0.5493661400975298
338,2369,Technical,Urgent,Open,2024-01-15 01:00:00,2024-01-16 01:00:00,50,Agent D,-0.498066677319404
339,2986,Billing,High,In Progress,2024-01-15 02:00:00,2024-01-16 02:00:00,62,Agent D,0.7012321156822756
340,2534,Account,Medium,Open,2024-01-15 03:00:00,2024-01-16 03:00:00,62,Agent B,0.12244557656504984
341,1146,Account,Medium,Closed,2024-01-15 04:00:00,2024-01-16 04:00:00,7,Agent D,0.04678182274873288
342,4219,Billing,Urgent,In Progress,2024-01-15 05:00:00,2024-01-16 05:00:00,4,Agent B,-0.7704622562615651
343,3911,Account,Urgent,Open,2024-01-15 06:00:00,2024-01-16 06:00:00,6,Agent D,0.7202793866988699
344,2734,Account,High,Open,2024-01-15 07:00:00,2024-01-16 07:00:00,58,Agent A,0.44562860641696744
345,2843,Technical,Urgent,Resolved,2024-01-15 08:00:00,2024-01-16 08:00:00,22,Agent A,-0.8646632761999968
346,1488,Account,High,Open,2024-01-15 09:00:00,2024-01-16 09:00:00,26,Agent A,0.41567019445953735
347,3976,General Inquiry,Medium,In Progress,2024-01-15 10:00:00,2024-01-16 10:00:00,3,Agent C,0.08707643468529214
348,2959,Billing,Medium,In Progress,2024-01-15 11:00:00,2024-01-16 11:00:00,41,Agent C,-0.8365493085064435
349,2663,Technical,Low,Resolved,2024-01-15 12:00:00,2024-01-16 12:00:00,60,Agent A,-0.08339871694268708
350,3598,Technical,Medium,In Progress,2024-01-15 13:00:00,2024-01-16 13:00:00,14,Agent C,-0.030607425739906047
351,3385,General Inquiry,Urgent,Closed,2024-01-15 14:00:00,2024-01-16 14:00:00,12,Agent D,-0.6684509196734485
352,3919,Billing,Medium,In Progress,2024-01-15 15:00:00,2024-01-16 15:00:00,12,Agent B,0.8913962940005646
353,1640,Billing,High,In Progress,2024-01-15 16:00:00,2024-01-16 16:00:00,13,Agent B,0.6999507429613239
354,2802,Technical,Medium,Open,2024-01-15 17:00:00,2024-01-16 17:00:00,25,Agent B,0.33804467465821664
355,3520,Account,Low,Open,2024-01-15 18:00:00,2024-01-16 18:00:00,45,Agent A,-0.0754088779987856
356,2969,Technical,Medium,In Progress,2024-01-15 19:00:00,2024-01-16 19:00:00,19,Agent C,-0.17646891683098298
357,3198,Billing,High,Resolved,2024-01-15 20:00:00,2024-01-16 20:00:00,55,Agent D,0.30194693430190833
358,2438,General Inquiry,High,Open,2024-01-15 21:00:00,2024-01-16 21:00:00,45,Agent D,0.09086373881381093
359,4369,Technical,Urgent,Resolved,2024-01-15 22:00:00,2024-01-16 22:00:00,8,Agent A,-0.8754537882362288
360,2634,Billing,Medium,In Progress,2024-01-15 23:00:00,2024-01-16 23:00:00,53,Agent D,0.025005297540663385
361,1262,Technical,High,In Progress,2024-01-16 00:00:00,2024-01-17 00:00:00,55,Agent D,0.612807234465679
362,2787,Account,Low,Closed,2024-01-16 01:00:00,2024-01-17 01:00:00,32,Agent D,-0.08152024480608389
363,3191,Technical,Urgent,Open,2024-01-16 02:00:00,2024-01-17 02:00:00,51,Agent D,-0.8960868448914632
364,3393,Technical,Low,In Progress,2024-01-16 03:00:00,2024-01-17 03:00:00,44,Agent C,0.5725563987680662
365,1623,Billing,Medium,Closed,2024-01-16 04:00:00,2024-01-17 04:00:00,70,Agent D,-0.5972724357280512
366,2016,Billing,Medium,Open,2024-01-16 05:00:00,2024-01-17 05:00:00,18,Agent B,-0.48275833022392245
367,4643,Billing,Medium,In Progress,2024-01-16 06:00:00,2024-01-17 06:00:00,22,Agent A,-0.6705872931354082
368,1880,Technical,Urgent,In Progress,2024-01-16 07:00:00,2024-01-17 07:00:00,37,Agent C,-0.3395698702570049
369,3049,Account,High,Open,2024-01-16 08:00:00,2024-01-17 08:00:00,56,Agent D,0.5135030113772701
370,3944,General Inquiry,Urgent,Open,2024-01-16 09:00:00,2024-01-17 09:00:00,59,Agent C,0.03877171900787468
371,2327,General Inquiry,Low,Open,2024-01-16 10:00:00,2024-01-17 10:00:00,3,Agent D,-0.5902374516985749
372,3301,Billing,Urgent,In Progress,2024-01-16 11:00:00,2024-01-17 11:00:00,28,Agent B,0.7556601563040817
373,4723,Billing,Low,In Progress,2024-01-16 12:00:00,2024-01-17 12:00:00,35,Agent A,0.7591637099030584
374,1452,Technical,Urgent,Closed,2024-01-16 13:00:00,2024-01-17 13:00:00,61,Agent D,0.7411568500920138
375,4108,General Inquiry,High,Resolved,2024-01-16 14:00:00,2024-01-17 14:00:00,54,Agent D,-0.5224075772369214
376,2183,Billing,Low,Open,2024-01-16 15:00:00,2024-01-17 15:00:00,63,Agent D,-0.0975213116380238
377,4062,Account,Medium,In Progress,2024-01-16 16:00:00,2024-01-17 16:00:00,7,Agent D,0.9699793122817502
378,3056,Account,Medium,In Progress,2024-01-16 17:00:00,2024-01-17 17:00:00,49,Agent A,0.5440249526199807
379,4304,Billing,Urgent,Open,2024-01-16 18:00:00,2024-01-17 18:00:00,31,Agent A,-0.9456651575488804
380,4170,Billing,Medium,Resolved,2024-01-16 19:00:00,2024-01-17 19:00:00,58,Agent B,-0.8695908174790159
381,2682,General Inquiry,Low,Open,2024-01-16 20:00:00,2024-01-17 20:00:00,61,Agent A,-0.07213724637533447
382,3863,General Inquiry,Medium,Resolved,2024-01-16 21:00:00,2024-01-17 21:00:00,24,Agent D,0.8184404117231203
383,3255,Technical,High,In Progress,2024-01-16 22:00:00,2024-01-17 22:00:00,20,Agent B,0.07740359590542845
384,2154,General Inquiry,High,Resolved,2024-01-16 23:00:00,2024-01-17 23:00:00,37,Agent B,-0.0043749839314195516
385,1403,Account,Urgent,Closed,2024-01-17 00:00:00,2024-01-18 00:00:00,4,Agent B,-0.7890526000867388
386,3199,Account,Low,In Progress,2024-01-17 01:00:00,2024-01-18 01:00:00,20,Agent D,0.3135602094485881
387,3101,Billing,High,Closed,2024-01-17 02:00:00,2024-01-18 02:00:00,60,Agent C,0.644206321200451
388,4191,General Inquiry,High,Open,2024-01-17 03:00:00,2024-01-18 03:00:00,24,Agent D,-0.23915998498487534
389,2696,Technical,Low,Open,2024-01-17 04:00:00,2024-01-18 04:00:00,50,Agent A,0.551223701850655
390,4991,Account,Medium,Open,2024-01-17 05:00:00,2024-01-18 05:00:00,49,Agent A,0.9289533078016232
391,1627,Account,Medium,Resolved,2024-01-17 06:00:00,2024-01-18 06:00:00,51,Agent D,-0.5924670817446218
392,1586,Technical,Urgent,In Progress,2024-01-17 07:00:00,2024-01-18 07:00:00,36,Agent D,0.04665926238948259
393,2648,Technical,Medium,Open,2024-01-17 08:00:00,2024-01-18 08:00:00,66,Agent B,-0.4257240838308489
394,2443,Account,Low,Open,2024-01-17 09:00:00,2024-01-18 09:00:00,34,Agent D,0.5857088380676787
395,2445,Account,High,In Progress,2024-01-17 10:00:00,2024-01-18 10:00:00,36,Agent B,0.155186731762315
396,1103,Technical,Medium,Open,2024-01-17 11:00:00,2024-01-18 11:00:00,6,Agent A,0.2691648351006075
397,4923,Account,Urgent,Closed,2024-01-17 12:00:00,2024-01-18 12:00:00,39,Agent B,0.5958283192317881
398,1253,Billing,Medium,In Progress,2024-01-17 13:00:00,2024-01-18 13:00:00,42,Agent D,-0.20805905467509023
399,4298,Billing,Low,In Progress,2024-01-17 14:00:00,2024-01-18 14:00:00,58,Agent A,0.8301801368140864
400,4183,Technical,Urgent,In Progress,2024-01-17 15:00:00,2024-01-18 15:00:00,12,Agent C,0.06605773449227992
401,3557,General Inquiry,Medium,Closed,2024-01-17 16:00:00,2024-01-18 16:00:00,3,Agent B,-0.684090354329304
402,2496,Technical,Urgent,In Progress,2024-01-17 17:00:00,2024-01-18 17:00:00,18,Agent A,0.3917982363376049
403,1098,Technical,Low,Closed,2024-01-17 18:00:00,2024-01-18 18:00:00,40,Agent B,0.5865227008765088
404,3200,General Inquiry,High,In Progress,2024-01-17 19:00:00,2024-01-18 19:00:00,21,Agent A,-0.36647664586494666
405,2884,General Inquiry,Low,Resolved,2024-01-17 20:00:00,2024-01-18 20:00:00,15,Agent A,0.7143585139975059
406,3961,General Inquiry,Low,Open,2024-01-17 21:00:00,2024-01-18 21:00:00,26,Agent B,0.8122865095315328
407,2919,Billing,Low,Resolved,2024-01-17 22:00:00,2024-01-18 22:00:00,8,Agent C,-0.44619102524438214
408,1877,Account,Low,Open,2024-01-17 23:00:00,2024-01-18 23:00:00,42,Agent A,0.9670429454304441
409,1337,Billing,High,Closed,2024-01-18 00:00:00,2024-01-19 00:00:00,44,Agent A,-0.7185769439024832
410,4777,Account,High,Resolved,2024-01-18 01:00:00,2024-01-19 01:00:00,14,Agent A,-0.5959686631950201
411,3869,Billing,Urgent,In Progress,2024-01-18 02:00:00,2024-01-19 02:00:00,2,Agent C,-0.6315503215239477
412,4234,Account,Medium,Open,2024-01-18 03:00:00,2024-01-19 03:00:00,37,Agent C,0.7879794200157408
413,4791,Billing,High,Open,2024-01-18 04:00:00,2024-01-19 04:00:00,69,Agent D,0.3085851046499237
414,1956,General Inquiry,High,Resolved,2024-01-18 05:00:00,2024-01-19 05:00:00,38,Agent B,-0.6957914335554543
415,2704,Technical,Medium,Closed,2024-01-18 06:00:00,2024-01-19 06:00:00,41,Agent C,-0.11935316326330203
416,1160,Billing,High,Resolved,2024-01-18 07:00:00,2024-01-19 07:00:00,62,Agent B,0.23059605013960405
417,2603,Account,Low,Closed,2024-01-18 08:00:00,2024-01-19 08:00:00,60,Agent D,-0.8330718300212334
418,3848,General Inquiry,Low,Closed,2024-01-18 09:00:00,2024-01-19 09:00:00,14,Agent B,0.7648327368146774
419,1397,Billing,Medium,Open,2024-01-18 10:00:00,2024-01-19 10:00:00,2,Agent C,0.6072070708830704
420,2300,Billing,Urgent,Resolved,2024-01-18 11:00:00,2024-01-19 11:00:00,70,Agent B,0.01041354715327647
421,1815,General Inquiry,Urgent,Resolved,2024-01-18 12:00:00,2024-01-19 12:00:00,17,Agent C,0.9342532305183409
422,4987,Billing,Medium,Closed,2024-01-18 13:00:00,2024-01-19 13:00:00,28,Agent B,-0.1644780414498006
423,2527,Technical,Medium,Resolved,2024-01-18 14:00:00,2024-01-19 14:00:00,66,Agent C,0.9682206380729956
424,2919,Billing,Low,In Progress,2024-01-18 15:00:00,2024-01-19 15:00:00,35,Agent C,0.33583999760725414
425,2415,Technical,Urgent,In Progress,2024-01-18 16:00:00,2024-01-19 16:00:00,5,Agent B,0.2693425465078829
426,2158,Technical,High,Resolved,2024-01-18 17:00:00,2024-01-19 17:00:00,65,Agent D,-0.66809020940843
427,2218,General Inquiry,Low,Resolved,2024-01-18 18:00:00,2024-01-19 18:00:00,40,Agent A,0.763855516609288
428,1400,Billing,Medium,Closed,2024-01-18 19:00:00,2024-01-19 19:00:00,56,Agent D,-0.1450206241587697
429,1639,General Inquiry,Urgent,In Progress,2024-01-18 20:00:00,2024-01-19 20:00:00,36,Agent B,-0.6755331884350413
430,4104,Billing,High,In Progress,2024-01-18 21:00:00,2024-01-19 21:00:00,45,Agent D,-0.9747849600484819
431,3735,Billing,High,Open,2024-01-18 22:00:00,2024-01-19 22:00:00,23,Agent C,0.11951136727676515
432,1459,Account,Low,Closed,2024-01-18 23:00:00,2024-01-19 23:00:00,47,Agent A,0.05479924424535265
433,1954,Billing,Urgent,Open,2024-01-19 00:00:00,2024-01-20 00:00:00,31,Agent B,0.4387072447383171
434,4954,General Inquiry,Urgent,In Progress,2024-01-19 01:00:00,2024-01-20 01:00:00,11,Agent B,0.7805161060356043
435,1469,Technical,Medium,Closed,2024-01-19 02:00:00,2024-01-20 02:00:00,10,Agent B,-0.841186830713941
436,4446,Billing,Urgent,Resolved,2024-01-19 03:00:00,2024-01-20 03:00:00,67,Agent A,0.4629929806807247
437,2045,Account,Urgent,Closed,2024-01-19 04:00:00,2024-01-20 04:00:00,14,Agent C,-0.6251761118048356
438,3797,General Inquiry,Low,Resolved,2024-01-19 05:00:00,2024-01-20 05:00:00,10,Agent B,0.7163541063143279
439,2693,Billing,Urgent,Resolved,2024-01-19 06:00:00,2024-01-20 06:00:00,1,Agent D,0.6381270277233122
440,3085,General Inquiry,High,Closed,2024-01-19 07:00:00,2024-01-20 07:00:00,5,Agent B,0.08158750997108877
441,3277,Account,Low,Resolved,2024-01-19 08:00:00,2024-01-20 08:00:00,20,Agent B,0.42048559724662304
442,4436,Account,Low,Open,2024-01-19 09:00:00,2024-01-20 09:00:00,8,Agent B,-0.3712997736325032
443,1562,General Inquiry,Medium,In Progress,2024-01-19 10:00:00,2024-01-20 10:00:00,43,Agent B,-0.057664202134370734
444,3485,Billing,Urgent,Resolved,2024-01-19 11:00:00,2024-01-20 11:00:00,1,Agent C,0.6432737954209433
445,2799,Technical,Medium,Open,2024-01-19 12:00:00,2024-01-20 12:00:00,57,Agent D,-0.0814696056535722
446,4354,Account,High,Resolved,2024-01-19 13:00:00,2024-01-20 13:00:00,64,Agent C,-0.2844034693491164
447,3074,Billing,Low,In Progress,2024-01-19 14:00:00,2024-01-20 14:00:00,28,Agent D,-0.011575105499400218
448,1225,Billing,Low,Open,2024-01-19 15:00:00,2024-01-20 15:00:00,37,Agent B,0.6564985048744367
449,4348,Technical,Low,In Progress,2024-01-19 16:00:00,2024-01-20 16:00:00,47,Agent A,-0.32958390525825454
450,1797,Account,High,In Progress,2024-01-19 17:00:00,2024-01-20 17:00:00,37,Agent C,-0.6524768137285124
451,4680,Account,High,Open,2024-01-19 18:00:00,2024-01-20 18:00:00,49,Agent A,0.4240280406615615
452,3331,Billing,Medium,Open,2024-01-19 19:00:00,2024-01-20 19:00:00,44,Agent C,0.6519564254161636
453,3926,Billing,Medium,Open,2024-01-19 20:00:00,2024-01-20 20:00:00,56,Agent B,-0.7987250429529333
454,1959,Technical,Medium,Closed,2024-01-19 21:00:00,2024-01-20 21:00:00,28,Agent C,-0.5202517744881106
455,2504,Technical,Urgent,Open,2024-01-19 22:00:00,2024-01-20 22:00:00,6,Agent B,-0.7160560204780122
456,1452,Account,Low,Open,2024-01-19 23:00:00,2024-01-20 23:00:00,61,Agent C,-0.30411717683566675
457,4067,General Inquiry,Low,Open,2024-01-20 00:00:00,2024-01-21 00:00:00,20,Agent B,-0.0992980421891747
458,4900,Account,Medium,Open,2024-01-20 01:00:00,2024-01-21 01:00:00,2,Agent B,0.49765267392661294
459,1815,Billing,Low,Resolved,2024-01-20 02:00:00,2024-01-21 02:00:00,37,Agent D,0.30229516976334825
460,1658,Account,Medium,Closed,2024-01-20 03:00:00,2024-01-21 03:00:00,20,Agent B,0.24185713495686234
461,4587,General Inquiry,Urgent,In Progress,2024-01-20 04:00:00,2024-01-21 04:00:00,26,Agent D,-0.2952501067806912
462,1546,Technical,Urgent,Open,2024-01-20 05:00:00,2024-01-21 05:00:00,29,Agent B,0.6828951061695199
463,2215,General Inquiry,High,Resolved,2024-01-20 06:00:00,2024-01-21 06:00:00,1,Agent A,-0.05742566520367087
464,4120,General Inquiry,Urgent,Resolved,2024-01-20 07:00:00,2024-01-21 07:00:00,35,Agent B,0.958209876030309
465,4583,General Inquiry,Medium,Resolved,2024-01-20 08:00:00,2024-01-21 08:00:00,70,Agent A,0.2682842765914737
466,1016,Technical,Urgent,In Progress,2024-01-20 09:00:00,2024-01-21 09:00:00,59,Agent A,-0.7474705168709945
467,4243,General Inquiry,High,Open,2024-01-20 10:00:00,2024-01-21 10:00:00,69,Agent B,0.352355124150868
468,2243,General Inquiry,Low,Closed,2024-01-20 11:00:00,2024-01-21 11:00:00,33,Agent A,-0.34979196913660204
469,3205,General Inquiry,Medium,Closed,2024-01-20 12:00:00,2024-01-21 12:00:00,51,Agent D,0.37265439337219486
470,3524,Billing,Low,Resolved,2024-01-20 13:00:00,2024-01-21 13:00:00,12,Agent C,-0.8607177036751885
471,2069,General Inquiry,High,In Progress,2024-01-20 14:00:00,2024-01-21 14:00:00,20,Agent B,-0.6502371256480812
472,4444,Technical,High,In Progress,2024-01-20 15:00:00,2024-01-21 15:00:00,53,Agent A,0.7114745178115727
473,3565,General Inquiry,High,In Progress,2024-01-20 16:00:00,2024-01-21 16:00:00,43,Agent B,-0.5456408859529702
474,3146,General Inquiry,Low,Closed,2024-01-20 17:00:00,2024-01-21 17:00:00,50,Agent D,0.6740822504858801
475,4963,Technical,Low,Resolved,2024-01-20 18:00:00,2024-01-21 18:00:00,29,Agent B,-0.44144782309117914
476,2768,General Inquiry,Low,Open,2024-01-20 19:00:00,2024-01-21 19:00:00,57,Agent B,0.2857638201174153
477,2060,Technical,Low,Closed,2024-01-20 20:00:00,2024-01-21 20:00:00,39,Agent A,0.388301147019662
478,3327,General Inquiry,High,Resolved,2024-01-20 21:00:00,2024-01-21 21:00:00,56,Agent D,0.025309506290105865
479,4420,Technical,High,Resolved,2024-01-20 22:00:00,2024-01-21 22:00:00,43,Agent C,-0.3893786466065374
480,3544,General Inquiry,Medium,Open,2024-01-20 23:00:00,2024-01-21 23:00:00,50,Agent C,-0.5747112472578078
481,1301,General Inquiry,Medium,Open,2024-01-21 00:00:00,2024-01-22 00:00:00,23,Agent A,-0.9336212908751476
482,1180,Billing,Low,Open,2024-01-21 01:00:00,2024-01-22 01:00:00,44,Agent B,-0.3921071975185524
483,1606,Billing,Urgent,In Progress,2024-01-21 02:00:00,2024-01-22 02:00:00,38,Agent A,0.306325581062566
484,4170,General Inquiry,Urgent,Open,2024-01-21 03:00:00,2024-01-22 03:00:00,23,Agent A,0.8766096368969654
485,1699,General Inquiry,High,Resolved,2024-01-21 04:00:00,2024-01-22 04:00:00,45,Agent A,0.742408964526104
486,1992,Account,High,Open,2024-01-21 05:00:00,2024-01-22 05:00:00,52,Agent B,0.5321295530706052
487,2139,Technical,High,Resolved,2024-01-21 06:00:00,2024-01-22 06:00:00,50,Agent D,0.5768946865065974
488,1190,Account,Medium,Closed,2024-01-21 07:00:00,2024-01-22 07:00:00,8,Agent A,0.3299698069519905
489,3300,Billing,Medium,In Progress,2024-01-21 08:00:00,2024-01-22 08:00:00,1,Agent B,-0.479426284867994
490,1980,Billing,High,Closed,2024-01-21 09:00:00,2024-01-22 09:00:00,8,Agent D,0.8143900614116597
491,3975,Billing,High,Closed,2024-01-21 10:00:00,2024-01-22 10:00:00,29,Agent A,0.3414646238116681
492,3006,Billing,High,Resolved,2024-01-21 11:00:00,2024-01-22 11:00:00,5,Agent C,0.1208812619608799
493,2184,General Inquiry,Urgent,Closed,2024-01-21 12:00:00,2024-01-22 12:00:00,47,Agent D,-0.7780210615730379
494,4327,Billing,Medium,Resolved,2024-01-21 13:00:00,2024-01-22 13:00:00,34,Agent A,-0.10588891238714915
495,4394,General Inquiry,Urgent,Open,2024-01-21 14:00:00,2024-01-22 14:00:00,65,Agent D,-0.07928345759614741
496,1127,General Inquiry,Urgent,Open,2024-01-21 15:00:00,2024-01-22 15:00:00,55,Agent D,0.72912721904534
497,3065,Billing,High,Resolved,2024-01-21 16:00:00,2024-01-22 16:00:00,43,Agent D,0.09329644037557694
498,2816,Billing,High,Open,2024-01-21 17:00:00,2024-01-22 17:00:00,30,Agent D,-0.2391989020591807
499,2758,Technical,Low,In Progress,2024-01-21 18:00:00,2024-01-22 18:00:00,17,Agent D,0.9536006570213187
500,3613,Account,Low,Closed,2024-01-21 19:00:00,2024-01-22 19:00:00,26,Agent D,-0.7785588133473687
